<?xml version="1.0" encoding="utf-8" standalone="yes"?>
<rss version="2.0" xmlns:atom="http://www.w3.org/2005/Atom" xmlns:content="http://purl.org/rss/1.0/modules/content/">
  <channel>
    <title>Posts on 我的个人博客</title>
    <link>https://qjr555.github.io/posts/</link>
    <description>Recent content in Posts on 我的个人博客</description>
    <generator>Hugo -- 0.154.5</generator>
    <language>zh-CN</language>
    <lastBuildDate>Sun, 18 Jan 2026 10:00:00 +0800</lastBuildDate>
    <atom:link href="https://qjr555.github.io/posts/index.xml" rel="self" type="application/rss+xml" />
    <item>
      <title>我的第一篇博客</title>
      <link>https://qjr555.github.io/posts/%E6%88%91%E7%9A%84%E7%AC%AC%E4%B8%80%E7%AF%87%E5%8D%9A%E5%AE%A2/</link>
      <pubDate>Sun, 18 Jan 2026 10:00:00 +0800</pubDate>
      <guid>https://qjr555.github.io/posts/%E6%88%91%E7%9A%84%E7%AC%AC%E4%B8%80%E7%AF%87%E5%8D%9A%E5%AE%A2/</guid>
      <description>&lt;p&gt;这是我用 Hugo + PaperMod 搭建的第一篇博客！&lt;/p&gt;</description>
    </item>
  </channel>
</rss>
