<?xml version="1.0" encoding="utf-8" standalone="yes"?>
<rss version="2.0" xmlns:atom="http://www.w3.org/2005/Atom" xmlns:content="http://purl.org/rss/1.0/modules/content/">
  <channel>
    <title>Tags on 我的个人博客</title>
    <link>https://qjr555.github.io/tags/</link>
    <description>Recent content in Tags on 我的个人博客</description>
    <generator>Hugo -- 0.154.5</generator>
    <language>zh-CN</language>
    <lastBuildDate>Sun, 18 Jan 2026 10:00:00 +0800</lastBuildDate>
    <atom:link href="https://qjr555.github.io/tags/index.xml" rel="self" type="application/rss+xml" />
    <item>
      <title>Hugo</title>
      <link>https://qjr555.github.io/tags/hugo/</link>
      <pubDate>Sun, 18 Jan 2026 10:00:00 +0800</pubDate>
      <guid>https://qjr555.github.io/tags/hugo/</guid>
      <description></description>
    </item>
    <item>
      <title>博客</title>
      <link>https://qjr555.github.io/tags/%E5%8D%9A%E5%AE%A2/</link>
      <pubDate>Sun, 18 Jan 2026 10:00:00 +0800</pubDate>
      <guid>https://qjr555.github.io/tags/%E5%8D%9A%E5%AE%A2/</guid>
      <description></description>
    </item>
  </channel>
</rss>
