<?xml version="1.0" encoding="utf-8" standalone="yes"?>
<rss version="2.0" xmlns:atom="http://www.w3.org/2005/Atom" xmlns:content="http://purl.org/rss/1.0/modules/content/">
  <channel>
    <title>Categories on 我的个人博客</title>
    <link>https://qjr555.github.io/categories/</link>
    <description>Recent content in Categories on 我的个人博客</description>
    <generator>Hugo -- 0.154.5</generator>
    <language>zh-CN</language>
    <lastBuildDate>Sun, 18 Jan 2026 10:00:00 +0800</lastBuildDate>
    <atom:link href="https://qjr555.github.io/categories/index.xml" rel="self" type="application/rss+xml" />
    <item>
      <title>教程</title>
      <link>https://qjr555.github.io/categories/%E6%95%99%E7%A8%8B/</link>
      <pubDate>Sun, 18 Jan 2026 10:00:00 +0800</pubDate>
      <guid>https://qjr555.github.io/categories/%E6%95%99%E7%A8%8B/</guid>
      <description></description>
    </item>
  </channel>
</rss>
